{
  "name": "RAG",
  "nodes": [
    {
      "parameters": {
        "mode": "insert",
        "clearStore": true
      },
      "type": "@n8n/n8n-nodes-langchain.vectorStoreInMemory",
      "typeVersion": 1.1,
      "position": [
        280,
        -180
      ],
      "id": "e1f840c4-cd24-4904-aec7-6aa8d7e518b9",
      "name": "Simple Vector Store",
      "alwaysOutputData": true
    },
    {
      "parameters": {
        "options": {}
      },
      "type": "@n8n/n8n-nodes-langchain.embeddingsOpenAi",
      "typeVersion": 1.2,
      "position": [
        260,
        80
      ],
      "id": "160b64c0-f46e-4f43-a087-9d2c53be58b4",
      "name": "Embeddings OpenAI",
      "credentials": {
        "openAiApi": {
          "id": "Dl6JBIeW22jd5S4q",
          "name": "OpenAi account"
        }
      }
    },
    {
      "parameters": {
        "options": {}
      },
      "type": "@n8n/n8n-nodes-langchain.documentDefaultDataLoader",
      "typeVersion": 1,
      "position": [
        400,
        0
      ],
      "id": "b3fecd13-c42f-478e-a1cd-4413e1a2a647",
      "name": "Default Data Loader"
    },
    {
      "parameters": {
        "chunkSize": 200,
        "chunkOverlap": 20
      },
      "type": "@n8n/n8n-nodes-langchain.textSplitterTokenSplitter",
      "typeVersion": 1,
      "position": [
        440,
        140
      ],
      "id": "c611b53b-62c3-4b7a-a4a0-00f6e65b7086",
      "name": "Token Splitter"
    },
    {
      "parameters": {
        "operation": "rtf",
        "options": {}
      },
      "type": "n8n-nodes-base.extractFromFile",
      "typeVersion": 1,
      "position": [
        40,
        -340
      ],
      "id": "1a5ab882-d647-49ff-8416-331a49b64539",
      "name": "Extract from File",
      "alwaysOutputData": true
    },
    {
      "parameters": {
        "operation": "pdf",
        "options": {}
      },
      "type": "n8n-nodes-base.extractFromFile",
      "typeVersion": 1,
      "position": [
        20,
        -140
      ],
      "id": "1f4eaf25-116f-444c-8a4d-a964e03e238e",
      "name": "Extract from File2",
      "alwaysOutputData": true
    },
    {
      "parameters": {
        "conditions": {
          "options": {
            "caseSensitive": true,
            "leftValue": "",
            "typeValidation": "strict",
            "version": 2
          },
          "conditions": [
            {
              "id": "f3f530d1-32b7-41b1-8fd5-58bd1da975d8",
              "leftValue": "={{$binary[\"data\"].fileExtension.toLowerCase() === 'txt'}}",
              "rightValue": "",
              "operator": {
                "type": "boolean",
                "operation": "true",
                "singleValue": true
              }
            }
          ],
          "combinator": "and"
        },
        "options": {}
      },
      "type": "n8n-nodes-base.if",
      "typeVersion": 2.2,
      "position": [
        -200,
        -320
      ],
      "id": "cc9cdb3e-f9cb-4bb9-b55b-9c3d69b8fd0a",
      "name": "If"
    },
    {
      "parameters": {
        "conditions": {
          "options": {
            "caseSensitive": true,
            "leftValue": "",
            "typeValidation": "strict",
            "version": 2
          },
          "conditions": [
            {
              "id": "e4e42216-de5c-4be4-ba99-ada2b7d3a518",
              "leftValue": "={{$binary[\"data\"].fileExtension.toLowerCase() === 'pdf'}}",
              "rightValue": "",
              "operator": {
                "type": "boolean",
                "operation": "true",
                "singleValue": true
              }
            }
          ],
          "combinator": "and"
        },
        "options": {}
      },
      "type": "n8n-nodes-base.if",
      "typeVersion": 2.2,
      "position": [
        -220,
        -120
      ],
      "id": "ed759c94-97f2-4806-b275-132ec0d532a4",
      "name": "If1"
    },
    {
      "parameters": {
        "formTitle": "fileupload",
        "formDescription": "upload",
        "formFields": {
          "values": [
            {
              "fieldLabel": "data",
              "fieldType": "file",
              "acceptFileTypes": ".pdf , .csv, .txt"
            }
          ]
        },
        "options": {}
      },
      "type": "n8n-nodes-base.formTrigger",
      "typeVersion": 2.2,
      "position": [
        -500,
        -180
      ],
      "id": "88e7fff2-6ad1-407a-ac54-8b8ba4b470df",
      "name": "On form submission",
      "webhookId": "4884d222-5f15-49ef-a26c-a93041ca3a03"
    },
    {
      "parameters": {
        "conditions": {
          "options": {
            "caseSensitive": true,
            "leftValue": "",
            "typeValidation": "strict",
            "version": 2
          },
          "conditions": [
            {
              "id": "9ac15443-c77d-4fac-92b5-b2d5c850022a",
              "leftValue": "={{$binary[\"data\"].fileExtension.toLowerCase() === 'csv'}}",
              "rightValue": "",
              "operator": {
                "type": "boolean",
                "operation": "true",
                "singleValue": true
              }
            }
          ],
          "combinator": "and"
        },
        "options": {}
      },
      "type": "n8n-nodes-base.if",
      "typeVersion": 2.2,
      "position": [
        -220,
        60
      ],
      "id": "052e0ff8-ab7a-43f4-89e6-945a07573315",
      "name": "If2"
    },
    {
      "parameters": {
        "options": {}
      },
      "type": "n8n-nodes-base.extractFromFile",
      "typeVersion": 1,
      "position": [
        20,
        40
      ],
      "id": "8c0775d2-5844-4f43-97e0-f01cc7a741c3",
      "name": "Extract from File1"
    }
  ],
  "pinData": {},
  "connections": {
    "Token Splitter": {
      "ai_textSplitter": [
        [
          {
            "node": "Default Data Loader",
            "type": "ai_textSplitter",
            "index": 0
          }
        ]
      ]
    },
    "Embeddings OpenAI": {
      "ai_embedding": [
        [
          {
            "node": "Simple Vector Store",
            "type": "ai_embedding",
            "index": 0
          }
        ]
      ]
    },
    "Default Data Loader": {
      "ai_document": [
        [
          {
            "node": "Simple Vector Store",
            "type": "ai_document",
            "index": 0
          }
        ]
      ]
    },
    "Extract from File": {
      "main": [
        [
          {
            "node": "Simple Vector Store",
            "type": "main",
            "index": 0
          }
        ]
      ]
    },
    "Extract from File2": {
      "main": [
        [
          {
            "node": "Simple Vector Store",
            "type": "main",
            "index": 0
          }
        ]
      ]
    },
    "If": {
      "main": [
        [
          {
            "node": "Extract from File",
            "type": "main",
            "index": 0
          }
        ]
      ]
    },
    "If1": {
      "main": [
        [
          {
            "node": "Extract from File2",
            "type": "main",
            "index": 0
          }
        ]
      ]
    },
    "On form submission": {
      "main": [
        [
          {
            "node": "If",
            "type": "main",
            "index": 0
          },
          {
            "node": "If1",
            "type": "main",
            "index": 0
          },
          {
            "node": "If2",
            "type": "main",
            "index": 0
          }
        ]
      ]
    },
    "If2": {
      "main": [
        [
          {
            "node": "Extract from File1",
            "type": "main",
            "index": 0
          }
        ]
      ]
    },
    "Extract from File1": {
      "main": [
        [
          {
            "node": "Simple Vector Store",
            "type": "main",
            "index": 0
          }
        ]
      ]
    }
  },
  "active": false,
  "settings": {
    "executionOrder": "v1"
  },
  "versionId": "d1378a1d-8ef8-4d5c-a21c-2013224770a2",
  "meta": {
    "templateCredsSetupCompleted": true,
    "instanceId": "e58782b5204367a8457b49d5762da20b8be8c9bb248dfb7d3a3d6bf9816541fc"
  },
  "id": "QZdCzqtpXSdzNeVC",
  "tags": []
}