{
  "name": "RAG-Store-Pinecone",
  "nodes": [
    {
      "parameters": {
        "options": {}
      },
      "type": "@n8n/n8n-nodes-langchain.embeddingsOpenAi",
      "typeVersion": 1.2,
      "position": [
        220,
        420
      ],
      "id": "0e455de5-61ff-4933-add4-ec0d7fc69ce4",
      "name": "Embeddings OpenAI",
      "credentials": {
        "openAiApi": {
          "id": "Dl6JBIeW22jd5S4q",
          "name": "OpenAi account"
        }
      }
    },
    {
      "parameters": {
        "options": {}
      },
      "type": "@n8n/n8n-nodes-langchain.documentDefaultDataLoader",
      "typeVersion": 1,
      "position": [
        360,
        340
      ],
      "id": "71ed6dc4-307e-4eb3-a128-4fe1a2f66e77",
      "name": "Default Data Loader"
    },
    {
      "parameters": {
        "operation": "rtf",
        "options": {}
      },
      "type": "n8n-nodes-base.extractFromFile",
      "typeVersion": 1,
      "position": [
        0,
        0
      ],
      "id": "9dbeeec6-6ee2-4fad-a403-a76d629f2cf9",
      "name": "Extract from File",
      "alwaysOutputData": true
    },
    {
      "parameters": {
        "operation": "pdf",
        "options": {}
      },
      "type": "n8n-nodes-base.extractFromFile",
      "typeVersion": 1,
      "position": [
        -20,
        200
      ],
      "id": "8ee553ad-03ca-46c8-90f4-3110911c8b48",
      "name": "Extract from File2",
      "alwaysOutputData": true
    },
    {
      "parameters": {
        "conditions": {
          "options": {
            "caseSensitive": true,
            "leftValue": "",
            "typeValidation": "strict",
            "version": 2
          },
          "conditions": [
            {
              "id": "f3f530d1-32b7-41b1-8fd5-58bd1da975d8",
              "leftValue": "={{$binary[\"data\"].fileExtension.toLowerCase() === 'txt'}}",
              "rightValue": "",
              "operator": {
                "type": "boolean",
                "operation": "true",
                "singleValue": true
              }
            }
          ],
          "combinator": "and"
        },
        "options": {}
      },
      "type": "n8n-nodes-base.if",
      "typeVersion": 2.2,
      "position": [
        -240,
        20
      ],
      "id": "06a7080c-1537-44e9-ba56-3a4df5d6ed89",
      "name": "If"
    },
    {
      "parameters": {
        "conditions": {
          "options": {
            "caseSensitive": true,
            "leftValue": "",
            "typeValidation": "strict",
            "version": 2
          },
          "conditions": [
            {
              "id": "e4e42216-de5c-4be4-ba99-ada2b7d3a518",
              "leftValue": "={{$binary[\"data\"].fileExtension.toLowerCase() === 'pdf'}}",
              "rightValue": "",
              "operator": {
                "type": "boolean",
                "operation": "true",
                "singleValue": true
              }
            }
          ],
          "combinator": "and"
        },
        "options": {}
      },
      "type": "n8n-nodes-base.if",
      "typeVersion": 2.2,
      "position": [
        -260,
        220
      ],
      "id": "ee171526-347d-42f3-8cda-905a45b586bd",
      "name": "If1"
    },
    {
      "parameters": {
        "formTitle": "fileupload",
        "formDescription": "upload",
        "formFields": {
          "values": [
            {
              "fieldLabel": "data",
              "fieldType": "file",
              "acceptFileTypes": ".pdf , .csv, .txt"
            }
          ]
        },
        "options": {}
      },
      "type": "n8n-nodes-base.formTrigger",
      "typeVersion": 2.2,
      "position": [
        -540,
        160
      ],
      "id": "f5cc2f20-4852-439e-8d25-ceb916171441",
      "name": "On form submission",
      "webhookId": "4884d222-5f15-49ef-a26c-a93041ca3a03"
    },
    {
      "parameters": {
        "conditions": {
          "options": {
            "caseSensitive": true,
            "leftValue": "",
            "typeValidation": "strict",
            "version": 2
          },
          "conditions": [
            {
              "id": "9ac15443-c77d-4fac-92b5-b2d5c850022a",
              "leftValue": "={{$binary[\"data\"].fileExtension.toLowerCase() === 'csv'}}",
              "rightValue": "",
              "operator": {
                "type": "boolean",
                "operation": "true",
                "singleValue": true
              }
            }
          ],
          "combinator": "and"
        },
        "options": {}
      },
      "type": "n8n-nodes-base.if",
      "typeVersion": 2.2,
      "position": [
        -260,
        400
      ],
      "id": "29b2a821-a60a-45d4-92b2-7b761e8911cd",
      "name": "If2"
    },
    {
      "parameters": {
        "options": {}
      },
      "type": "n8n-nodes-base.extractFromFile",
      "typeVersion": 1,
      "position": [
        -20,
        380
      ],
      "id": "63677538-fa15-4ca9-b77b-e1dd16de2e40",
      "name": "Extract from File1",
      "alwaysOutputData": true
    },
    {
      "parameters": {
        "mode": "insert",
        "pineconeIndex": {
          "__rl": true,
          "value": "pinecone-training-placement-faq",
          "mode": "id"
        },
        "options": {}
      },
      "type": "@n8n/n8n-nodes-langchain.vectorStorePinecone",
      "typeVersion": 1.1,
      "position": [
        280,
        100
      ],
      "id": "a65a115d-1ce9-47fd-a0a7-09b8f4f1c0a2",
      "name": "Pinecone Vector Store",
      "alwaysOutputData": true,
      "credentials": {
        "pineconeApi": {
          "id": "tNON2ZTS2bTtk3j5",
          "name": "PineconeApi account"
        }
      }
    },
    {
      "parameters": {
        "chunkSize": 200,
        "chunkOverlap": 20
      },
      "type": "@n8n/n8n-nodes-langchain.textSplitterTokenSplitter",
      "typeVersion": 1,
      "position": [
        380,
        540
      ],
      "id": "7a2198b8-3fcd-44d2-844b-a6ae4bd890c5",
      "name": "Token Splitter"
    }
  ],
  "pinData": {},
  "connections": {
    "Embeddings OpenAI": {
      "ai_embedding": [
        [
          {
            "node": "Pinecone Vector Store",
            "type": "ai_embedding",
            "index": 0
          }
        ]
      ]
    },
    "Default Data Loader": {
      "ai_document": [
        [
          {
            "node": "Pinecone Vector Store",
            "type": "ai_document",
            "index": 0
          }
        ]
      ]
    },
    "Extract from File": {
      "main": [
        [
          {
            "node": "Pinecone Vector Store",
            "type": "main",
            "index": 0
          }
        ]
      ]
    },
    "Extract from File2": {
      "main": [
        [
          {
            "node": "Pinecone Vector Store",
            "type": "main",
            "index": 0
          }
        ]
      ]
    },
    "If": {
      "main": [
        [
          {
            "node": "Extract from File",
            "type": "main",
            "index": 0
          }
        ]
      ]
    },
    "If1": {
      "main": [
        [
          {
            "node": "Extract from File2",
            "type": "main",
            "index": 0
          }
        ]
      ]
    },
    "On form submission": {
      "main": [
        [
          {
            "node": "If",
            "type": "main",
            "index": 0
          },
          {
            "node": "If1",
            "type": "main",
            "index": 0
          },
          {
            "node": "If2",
            "type": "main",
            "index": 0
          }
        ]
      ]
    },
    "If2": {
      "main": [
        [
          {
            "node": "Extract from File1",
            "type": "main",
            "index": 0
          }
        ]
      ]
    },
    "Extract from File1": {
      "main": [
        [
          {
            "node": "Pinecone Vector Store",
            "type": "main",
            "index": 0
          }
        ]
      ]
    },
    "Token Splitter": {
      "ai_textSplitter": [
        [
          {
            "node": "Default Data Loader",
            "type": "ai_textSplitter",
            "index": 0
          }
        ]
      ]
    }
  },
  "active": false,
  "settings": {
    "executionOrder": "v1"
  },
  "versionId": "aa9fcc81-7597-43fb-9d28-876250a8612a",
  "meta": {
    "templateCredsSetupCompleted": true,
    "instanceId": "e58782b5204367a8457b49d5762da20b8be8c9bb248dfb7d3a3d6bf9816541fc"
  },
  "id": "U37YD89A69g0Pke6",
  "tags": []
}